case_id,activity,timestamp
1,Satın Alma Talebi Oluşturuldu,2024-06-13T21:00:18+00:00
1,Talep Onaya Gönderildi,2024-06-14T00:44:39+00:00
1,Talep Onaylandı,2024-06-14T06:08:50+00:00
1,Satın Alma Siparişi Oluşturuldu,2024-06-15T00:30:20+00:00
1,Tedarikçiye Gönderildi,2024-06-15T02:34:08+00:00
1,Tedarikçi Onayladı,2024-06-15T09:33:40+00:00
1,Mal/Hizmet Alındı,2024-06-18T04:01:33+00:00
1,Fatura Alındı,2024-06-23T09:10:05+00:00
1,Ödeme Yapıldı,2024-06-23T14:18:41+00:00
2,Satın Alma Talebi Oluşturuldu,2025-02-23T15:15:53+00:00
2,Talep Onaya Gönderildi,2025-02-23T17:03:10+00:00
2,Talep Onaylandı,2025-02-23T22:33:37+00:00
2,Satın Alma Siparişi Oluşturuldu,2025-02-24T20:31:00+00:00
2,Tedarikçiye Gönderildi,2025-02-24T23:30:50+00:00
2,Tedarikçi Onayladı,2025-02-25T03:42:25+00:00
2,Mal/Hizmet Alındı,2025-02-28T03:35:20+00:00
2,Fatura Alındı,2025-03-04T16:43:55+00:00
2,Ödeme Yapıldı,2025-03-04T20:43:55+00:00
3,Satın Alma Talebi Oluşturuldu,2024-03-27T04:00:28+00:00
3,Talep Onaya Gönderildi,2024-03-27T05:27:58+00:00
3,Talep Onaylandı,2024-03-27T08:25:34+00:00
3,Satın Alma Siparişi Oluşturuldu,2024-03-28T02:02:08+00:00
3,Tedarikçiye Gönderildi,2024-03-28T06:01:04+00:00
3,Tedarikçi Onayladı,2024-03-28T11:51:55+00:00
3,Mal/Hizmet Alındı,2024-03-30T16:28:05+00:00
3,Fatura Alındı,2024-04-04T00:38:03+00:00
3,Fatura Uyuşmazlığı,2024-04-04T08:09:55+00:00
3,Fatura Düzeltildi,2024-04-04T18:48:14+00:00
3,Ödeme Yapıldı,2024-04-07T16:02:26+00:00
4,Satın Alma Talebi Oluşturuldu,2024-03-30T23:23:57+00:00
4,Talep Onaya Gönderildi,2024-03-31T02:26:39+00:00
4,Talep Onaylandı,2024-03-31T07:39:58+00:00
4,Satın Alma Siparişi Oluşturuldu,2024-03-31T17:00:09+00:00
4,Tedarikçiye Gönderildi,2024-03-31T21:12:26+00:00
4,Tedarikçi Onayladı,2024-04-01T00:19:22+00:00
4,Mal/Hizmet Alındı,2024-04-02T21:11:30+00:00
4,Fatura Alındı,2024-04-07T03:38:18+00:00
4,Ödeme Yapıldı,2024-04-08T02:37:20+00:00
5,Satın Alma Talebi Oluşturuldu,2024-07-24T13:55:39+00:00
5,Talep Onaya Gönderildi,2024-07-24T17:50:35+00:00
5,Talep Reddedildi,2024-07-25T00:24:53+00:00
5,Talep Güncellendi,2024-07-25T14:34:06+00:00
5,Talep Onaya Gönderildi,2024-07-25T19:50:43+00:00
5,Talep Onaylandı,2024-07-25T22:43:17+00:00
5,Satın Alma Siparişi Oluşturuldu,2024-07-26T19:33:17+00:00
5,Tedarikçiye Gönderildi,2024-07-26T23:05:35+00:00
5,Tedarikçi Onayladı,2024-07-27T03:04:55+00:00
5,Mal/Hizmet Alındı,2024-07-28T21:01:48+00:00
5,Fatura Alındı,2024-07-31T16:24:57+00:00
5,Ödeme Yapıldı,2024-08-01T15:23:34+00:00
6,Satın Alma Talebi Oluşturuldu,2024-01-02T10:39:39+00:00
6,Talep Onaya Gönderildi,2024-01-02T13:27:27+00:00
6,Talep Onaylandı,2024-01-02T18:23:21+00:00
6,Satın Alma Siparişi Oluşturuldu,2024-01-03T00:37:35+00:00
6,Tedarikçiye Gönderildi,2024-01-03T03:26:29+00:00
6,Tedarikçi Onayladı,2024-01-03T15:17:41+00:00
6,Mal/Hizmet Alındı,2024-01-06T06:01:11+00:00
6,Fatura Alındı,2024-01-09T10:45:15+00:00
6,Ödeme Yapıldı,2024-01-09T18:03:12+00:00
7,Satın Alma Talebi Oluşturuldu,2024-03-03T04:08:16+00:00
7,Talep Onaya Gönderildi,2024-03-03T05:23:41+00:00
7,Talep Onaylandı,2024-03-03T10:18:38+00:00
7,Satın Alma Siparişi Oluşturuldu,2024-03-03T15:41:41+00:00
7,Tedarikçiye Gönderildi,2024-03-03T20:29:52+00:00
7,Tedarikçi Onayladı,2024-03-04T06:09:22+00:00
7,Mal/Hizmet Alındı,2024-03-05T12:19:08+00:00
7,Fatura Alındı,2024-03-09T21:21:10+00:00
7,Ödeme Yapıldı,2024-03-10T11:26:55+00:00
8,Satın Alma Talebi Oluşturuldu,2024-11-25T15:51:46+00:00
8,Talep Onaya Gönderildi,2024-11-25T19:45:21+00:00
8,Talep Reddedildi,2024-11-26T03:19:45+00:00
8,Talep Güncellendi,2024-11-26T22:26:04+00:00
8,Talep Onaya Gönderildi,2024-11-27T10:42:47+00:00
8,Talep Onaylandı,2024-11-27T13:51:06+00:00
8,Satın Alma Siparişi Oluşturuldu,2024-11-28T01:49:54+00:00
8,Tedarikçiye Gönderildi,2024-11-28T06:11:24+00:00
8,Tedarikçi Onayladı,2024-11-28T11:55:27+00:00
8,Mal/Hizmet Alındı,2024-12-01T07:06:21+00:00
8,Fatura Alındı,2024-12-05T13:17:03+00:00
8,Ödeme Yapıldı,2024-12-05T20:44:17+00:00
9,Satın Alma Talebi Oluşturuldu,2024-01-18T08:06:25+00:00
9,Talep Onaya Gönderildi,2024-01-18T10:52:18+00:00
9,Talep Onaylandı,2024-01-18T14:15:09+00:00
9,Satın Alma Siparişi Oluşturuldu,2024-01-18T22:39:24+00:00
9,Tedarikçiye Gönderildi,2024-01-19T00:00:42+00:00
9,Tedarikçi Onayladı,2024-01-19T08:19:22+00:00
9,Mal/Hizmet Alındı,2024-01-20T19:18:43+00:00
9,Fatura Alındı,2024-01-27T07:57:45+00:00
9,Ödeme Yapıldı,2024-01-28T04:52:28+00:00
10,Satın Alma Talebi Oluşturuldu,2024-07-04T20:43:40+00:00
10,Talep Onaya Gönderildi,2024-07-04T22:33:47+00:00
10,Talep Onaylandı,2024-07-05T03:28:32+00:00
10,Satın Alma Siparişi Oluşturuldu,2024-07-05T18:15:37+00:00
10,Tedarikçiye Gönderildi,2024-07-05T22:52:37+00:00
10,Tedarikçi Onayladı,2024-07-06T09:42:03+00:00
10,Kısmi Teslimat Alındı,2024-07-08T13:21:32+00:00
10,İkinci Teslimat Alındı,2024-07-11T06:51:17+00:00
10,Fatura Alındı,2024-07-13T16:54:32+00:00
10,Ödeme Yapıldı,2024-07-14T03:51:51+00:00
11,Satın Alma Talebi Oluşturuldu,2024-12-01T19:22:35+00:00
11,Talep Onaya Gönderildi,2024-12-01T21:26:21+00:00
11,Talep Reddedildi,2024-12-02T01:54:21+00:00
11,Talep Güncellendi,2024-12-02T23:10:57+00:00
11,Talep Onaya Gönderildi,2024-12-03T03:49:57+00:00
11,Talep Onaylandı,2024-12-03T06:47:34+00:00
11,Satın Alma Siparişi Oluşturuldu,2024-12-03T23:42:59+00:00
11,Tedarikçiye Gönderildi,2024-12-04T01:01:10+00:00
11,Tedarikçi Onayladı,2024-12-04T10:18:06+00:00
11,Mal/Hizmet Alındı,2024-12-07T00:43:49+00:00
11,Fatura Alındı,2024-12-09T13:50:33+00:00
11,Ödeme Yapıldı,2024-12-09T20:03:27+00:00
12,Satın Alma Talebi Oluşturuldu,2024-04-19T21:11:14+00:00
12,Talep Onaya Gönderildi,2024-04-19T23:27:10+00:00
12,Talep Onaylandı,2024-04-20T03:07:26+00:00
12,Satın Alma Siparişi Oluşturuldu,2024-04-20T12:07:12+00:00
12,Tedarikçiye Gönderildi,2024-04-20T17:44:11+00:00
12,Tedarikçi Onayladı,2024-04-21T00:10:04+00:00
12,Mal/Hizmet Alındı,2024-04-23T17:30:45+00:00
12,Fatura Alındı,2024-04-28T11:33:06+00:00
12,Ödeme Yapıldı,2024-04-28T14:39:52+00:00
13,Satın Alma Talebi Oluşturuldu,2024-01-13T11:06:22+00:00
13,Talep Onaya Gönderildi,2024-01-13T15:00:47+00:00
13,Talep Onaylandı,2024-01-13T22:34:16+00:00
13,Satın Alma Siparişi Oluşturuldu,2024-01-14T19:32:42+00:00
13,Tedarikçiye Gönderildi,2024-01-14T21:22:36+00:00
13,Tedarikçi Onayladı,2024-01-15T04:13:59+00:00
13,Mal/Hizmet Alındı,2024-01-16T14:29:34+00:00
13,Fatura Alındı,2024-01-20T14:37:04+00:00
13,Ödeme Yapıldı,2024-01-20T17:54:28+00:00
14,Satın Alma Talebi Oluşturuldu,2024-10-31T05:59:20+00:00
14,Talep Onaya Gönderildi,2024-10-31T07:47:04+00:00
14,Talep Onaylandı,2024-10-31T14:29:20+00:00
14,Satın Alma Siparişi Oluşturuldu,2024-11-01T03:35:20+00:00
14,Tedarikçiye Gönderildi,2024-11-01T06:42:14+00:00
14,Tedarikçi Onayladı,2024-11-01T18:16:38+00:00
14,Mal/Hizmet Alındı,2024-11-04T18:03:27+00:00
14,Fatura Alındı,2024-11-09T12:44:59+00:00
14,Ödeme Yapıldı,2024-11-10T06:33:17+00:00
15,Satın Alma Talebi Oluşturuldu,2024-08-19T11:02:05+00:00
15,Talep Onaya Gönderildi,2024-08-19T12:41:16+00:00
15,Talep Reddedildi,2024-08-19T15:02:19+00:00
15,Talep Güncellendi,2024-08-20T09:45:12+00:00
15,Talep Onaya Gönderildi,2024-08-20T14:29:05+00:00
15,Talep Onaylandı,2024-08-20T16:25:32+00:00
15,Satın Alma Siparişi Oluşturuldu,2024-08-20T21:25:43+00:00
15,Tedarikçiye Gönderildi,2024-08-21T00:48:45+00:00
15,Tedarikçi Onayladı,2024-08-21T12:00:23+00:00
15,Mal/Hizmet Alındı,2024-08-23T13:30:01+00:00
15,Fatura Alındı,2024-08-25T20:19:33+00:00
15,Ödeme Yapıldı,2024-08-26T09:29:53+00:00
16,Satın Alma Talebi Oluşturuldu,2024-02-24T05:19:48+00:00
16,Talep Onaya Gönderildi,2024-02-24T08:06:54+00:00
16,Talep Onaylandı,2024-02-24T14:09:58+00:00
16,Satın Alma Siparişi Oluşturuldu,2024-02-24T22:52:13+00:00
16,Tedarikçiye Gönderildi,2024-02-25T00:28:11+00:00
16,Tedarikçi Onayladı,2024-02-25T11:22:21+00:00
16,Mal/Hizmet Alındı,2024-02-26T23:11:27+00:00
16,Fatura Alındı,2024-03-02T22:32:00+00:00
16,Ödeme Yapıldı,2024-03-03T14:09:35+00:00
17,Satın Alma Talebi Oluşturuldu,2025-02-11T01:22:34+00:00
17,Talep Onaya Gönderildi,2025-02-11T03:19:30+00:00
17,Talep Onaylandı,2025-02-11T06:53:23+00:00
17,Satın Alma Siparişi Oluşturuldu,2025-02-12T00:17:03+00:00
17,Tedarikçiye Gönderildi,2025-02-12T02:51:18+00:00
17,Tedarikçi Onayladı,2025-02-12T07:30:41+00:00
17,Mal/Hizmet Alındı,2025-02-13T13:47:36+00:00
17,Fatura Alındı,2025-02-18T19:15:13+00:00
17,Ödeme Yapıldı,2025-02-19T07:18:45+00:00
18,Satın Alma Talebi Oluşturuldu,2024-02-27T08:18:06+00:00
18,Talep Onaya Gönderildi,2024-02-27T09:19:46+00:00
18,Talep Onaylandı,2024-02-27T15:03:23+00:00
18,Satın Alma Siparişi Oluşturuldu,2024-02-28T06:18:59+00:00
18,Tedarikçiye Gönderildi,2024-02-28T07:48:58+00:00
18,Tedarikçi Onayladı,2024-02-28T15:11:33+00:00
18,Mal/Hizmet Alındı,2024-03-01T15:28:30+00:00
18,Fatura Alındı,2024-03-04T07:22:11+00:00
18,Fatura Uyuşmazlığı,2024-03-04T17:02:53+00:00
18,Fatura Düzeltildi,2024-03-04T21:52:25+00:00
18,Ödeme Yapıldı,2024-03-06T09:35:57+00:00
19,Satın Alma Talebi Oluşturuldu,2024-12-07T08:21:08+00:00
19,Talep Onaya Gönderildi,2024-12-07T11:51:12+00:00
19,Talep Onaylandı,2024-12-07T18:04:28+00:00
19,Satın Alma Siparişi Oluşturuldu,2024-12-08T10:18:29+00:00
19,Tedarikçiye Gönderildi,2024-12-08T16:14:39+00:00
19,Tedarikçi Onayladı,2024-12-09T00:47:03+00:00
19,Kısmi Teslimat Alındı,2024-12-10T01:09:34+00:00
19,İkinci Teslimat Alındı,2024-12-14T11:59:28+00:00
19,Fatura Alındı,2024-12-16T09:32:47+00:00
19,Ödeme Yapıldı,2024-12-17T02:08:27+00:00
20,Satın Alma Talebi Oluşturuldu,2024-04-15T07:22:04+00:00
20,Talep Onaya Gönderildi,2024-04-15T09:09:40+00:00
20,Talep Onaylandı,2024-04-15T16:29:58+00:00
20,Satın Alma Siparişi Oluşturuldu,2024-04-16T11:20:52+00:00
20,Tedarikçiye Gönderildi,2024-04-16T13:07:30+00:00
20,Tedarikçi Onayladı,2024-04-16T17:56:33+00:00
20,Mal/Hizmet Alındı,2024-04-18T04:03:10+00:00
20,Fatura Alındı,2024-04-21T21:11:54+00:00
20,Ödeme Yapıldı,2024-04-22T14:19:24+00:00
21,Satın Alma Talebi Oluşturuldu,2025-01-28T13:30:27+00:00
21,Talep Onaya Gönderildi,2025-01-28T15:58:23+00:00
21,Talep Onaylandı,2025-01-28T23:24:18+00:00
21,Satın Alma Siparişi Oluşturuldu,2025-01-29T20:19:37+00:00
21,Tedarikçiye Gönderildi,2025-01-29T21:47:19+00:00
21,Tedarikçi Onayladı,2025-01-30T04:01:27+00:00
21,Mal/Hizmet Alındı,2025-01-31T17:18:18+00:00
21,Fatura Alındı,2025-02-02T17:43:50+00:00
21,Ödeme Yapıldı,2025-02-03T12:41:42+00:00
22,Satın Alma Talebi Oluşturuldu,2024-07-23T11:12:00+00:00
22,Talep Onaya Gönderildi,2024-07-23T12:41:05+00:00
22,Talep Onaylandı,2024-07-23T17:20:08+00:00
22,Satın Alma Siparişi Oluşturuldu,2024-07-24T11:26:56+00:00
22,Tedarikçiye Gönderildi,2024-07-24T15:15:13+00:00
22,Tedarikçi Onayladı,2024-07-24T18:22:20+00:00
22,Mal/Hizmet Alındı,2024-07-27T15:44:05+00:00
22,Fatura Alındı,2024-08-02T02:39:25+00:00
22,Ödeme Yapıldı,2024-08-02T07:56:10+00:00
23,Satın Alma Talebi Oluşturuldu,2024-10-14T18:41:05+00:00
23,Talep Onaya Gönderildi,2024-10-14T21:25:56+00:00
23,Talep Onaylandı,2024-10-15T00:19:14+00:00
23,Satın Alma Siparişi Oluşturuldu,2024-10-15T06:52:11+00:00
23,Tedarikçiye Gönderildi,2024-10-15T09:24:39+00:00
23,Tedarikçi Onayladı,2024-10-15T20:24:02+00:00
23,Mal/Hizmet Alındı,2024-10-18T10:36:52+00:00
23,Fatura Alındı,2024-10-24T17:53:56+00:00
23,Ödeme Yapıldı,2024-10-25T15:40:31+00:00
24,Satın Alma Talebi Oluşturuldu,2024-07-13T19:34:17+00:00
24,Talep Onaya Gönderildi,2024-07-13T22:34:19+00:00
24,Talep Onaylandı,2024-07-14T02:41:39+00:00
24,Satın Alma Siparişi Oluşturuldu,2024-07-14T17:53:30+00:00
24,Tedarikçiye Gönderildi,2024-07-14T23:15:55+00:00
24,Tedarikçi Onayladı,2024-07-15T11:00:13+00:00
24,Mal/Hizmet Alındı,2024-07-17T22:58:43+00:00
24,Fatura Alındı,2024-07-24T14:04:13+00:00
24,Fatura Uyuşmazlığı,2024-07-24T21:16:43+00:00
24,Fatura Düzeltildi,2024-07-25T03:13:43+00:00
24,Ödeme Yapıldı,2024-07-27T17:37:23+00:00
25,Satın Alma Talebi Oluşturuldu,2024-11-17T05:43:29+00:00
25,Talep Onaya Gönderildi,2024-11-17T06:47:56+00:00
25,Talep Onaylandı,2024-11-17T13:13:06+00:00
25,Satın Alma Siparişi Oluşturuldu,2024-11-17T23:51:43+00:00
25,Tedarikçiye Gönderildi,2024-11-18T05:30:58+00:00
25,Tedarikçi Onayladı,2024-11-18T15:32:18+00:00
25,Kısmi Teslimat Alındı,2024-11-21T09:00:49+00:00
25,İkinci Teslimat Alındı,2024-11-25T19:23:15+00:00
25,Fatura Alındı,2024-11-27T14:35:51+00:00
25,Ödeme Yapıldı,2024-11-28T09:55:11+00:00
26,Satın Alma Talebi Oluşturuldu,2024-02-01T01:52:44+00:00
26,Talep Onaya Gönderildi,2024-02-01T05:27:16+00:00
26,Talep Onaylandı,2024-02-01T08:47:21+00:00
26,Satın Alma Siparişi Oluşturuldu,2024-02-02T05:07:15+00:00
26,Tedarikçiye Gönderildi,2024-02-02T08:25:21+00:00
26,Tedarikçi Onayladı,2024-02-02T13:28:27+00:00
26,Mal/Hizmet Alındı,2024-02-05T03:39:03+00:00
26,Fatura Alındı,2024-02-08T06:57:44+00:00
26,Ödeme Yapıldı,2024-02-08T09:28:59+00:00
27,Satın Alma Talebi Oluşturuldu,2024-09-12T23:14:46+00:00
27,Talep Onaya Gönderildi,2024-09-13T01:04:54+00:00
27,Talep Onaylandı,2024-09-13T03:29:54+00:00
27,Satın Alma Siparişi Oluşturuldu,2024-09-13T22:57:53+00:00
27,Tedarikçiye Gönderildi,2024-09-14T01:43:14+00:00
27,Tedarikçi Onayladı,2024-09-14T08:48:53+00:00
27,Kısmi Teslimat Alındı,2024-09-16T17:25:53+00:00
27,İkinci Teslimat Alındı,2024-09-21T06:10:30+00:00
27,Fatura Alındı,2024-09-23T06:01:04+00:00
27,Ödeme Yapıldı,2024-09-23T08:37:30+00:00
28,Satın Alma Talebi Oluşturuldu,2024-07-22T21:24:15+00:00
28,Talep Onaya Gönderildi,2024-07-22T22:56:23+00:00
28,Talep Onaylandı,2024-07-23T06:42:54+00:00
28,Satın Alma Siparişi Oluşturuldu,2024-07-23T16:01:27+00:00
28,Tedarikçiye Gönderildi,2024-07-23T17:33:59+00:00
28,Tedarikçi Onayladı,2024-07-23T23:54:43+00:00
28,Mal/Hizmet Alındı,2024-07-26T10:52:55+00:00
28,Fatura Alındı,2024-07-30T00:31:24+00:00
28,Ödeme Yapıldı,2024-07-30T15:51:36+00:00
29,Satın Alma Talebi Oluşturuldu,2024-10-27T04:33:47+00:00
29,Talep Onaya Gönderildi,2024-10-27T08:15:41+00:00
29,Talep Onaylandı,2024-10-27T11:24:07+00:00
29,Satın Alma Siparişi Oluşturuldu,2024-10-27T16:17:23+00:00
29,Tedarikçiye Gönderildi,2024-10-27T19:28:12+00:00
29,Tedarikçi Onayladı,2024-10-28T02:40:09+00:00
29,Kısmi Teslimat Alındı,2024-10-30T17:22:54+00:00
29,İkinci Teslimat Alındı,2024-11-03T18:50:07+00:00
29,Fatura Alındı,2024-11-07T14:32:04+00:00
29,Ödeme Yapıldı,2024-11-08T08:44:57+00:00
30,Satın Alma Talebi Oluşturuldu,2024-12-01T23:57:58+00:00
30,Talep Onaya Gönderildi,2024-12-02T01:10:33+00:00
30,Talep Onaylandı,2024-12-02T07:09:41+00:00
30,Satın Alma Siparişi Oluşturuldu,2024-12-02T17:45:55+00:00
30,Tedarikçiye Gönderildi,2024-12-02T20:20:06+00:00
30,Tedarikçi Onayladı,2024-12-03T06:48:54+00:00
30,Mal/Hizmet Alındı,2024-12-05T17:21:48+00:00
30,Fatura Alındı,2024-12-09T05:24:07+00:00
30,Ödeme Yapıldı,2024-12-09T14:12:22+00:00
31,Satın Alma Talebi Oluşturuldu,2024-11-09T13:17:12+00:00
31,Talep Onaya Gönderildi,2024-11-09T16:22:41+00:00
31,Talep Onaylandı,2024-11-09T21:42:17+00:00
31,Satın Alma Siparişi Oluşturuldu,2024-11-10T05:32:29+00:00
31,Tedarikçiye Gönderildi,2024-11-10T09:51:58+00:00
31,Tedarikçi Onayladı,2024-11-10T15:39:27+00:00
31,Mal/Hizmet Alındı,2024-11-13T03:34:05+00:00
31,Fatura Alındı,2024-11-16T00:27:05+00:00
31,Ödeme Yapıldı,2024-11-16T14:58:18+00:00
32,Satın Alma Talebi Oluşturuldu,2024-01-02T07:34:02+00:00
32,Talep Onaya Gönderildi,2024-01-02T09:28:43+00:00
32,Talep Onaylandı,2024-01-02T12:44:23+00:00
32,Satın Alma Siparişi Oluşturuldu,2024-01-03T08:27:18+00:00
32,Tedarikçiye Gönderildi,2024-01-03T12:29:18+00:00
32,Tedarikçi Onayladı,2024-01-03T17:42:39+00:00
32,Mal/Hizmet Alındı,2024-01-05T14:54:59+00:00
32,Fatura Alındı,2024-01-10T23:59:30+00:00
32,Ödeme Yapıldı,2024-01-11T13:14:15+00:00
33,Satın Alma Talebi Oluşturuldu,2024-05-12T19:16:36+00:00
33,Talep Onaya Gönderildi,2024-05-12T22:15:11+00:00
33,Talep Onaylandı,2024-05-13T01:57:21+00:00
33,Satın Alma Siparişi Oluşturuldu,2024-05-13T19:13:58+00:00
33,Tedarikçiye Gönderildi,2024-05-13T23:19:45+00:00
33,Tedarikçi Onayladı,2024-05-14T02:15:47+00:00
33,Mal/Hizmet Alındı,2024-05-16T23:57:33+00:00
33,Fatura Alındı,2024-05-20T04:08:36+00:00
33,Ödeme Yapıldı,2024-05-20T12:58:21+00:00
34,Satın Alma Talebi Oluşturuldu,2024-04-25T10:52:37+00:00
34,Talep Onaya Gönderildi,2024-04-25T11:57:00+00:00
34,Talep Reddedildi,2024-04-25T15:25:09+00:00
34,Talep Güncellendi,2024-04-26T04:55:19+00:00
34,Talep Onaya Gönderildi,2024-04-26T19:07:07+00:00
34,Talep Onaylandı,2024-04-26T20:20:14+00:00
34,Satın Alma Siparişi Oluşturuldu,2024-04-27T08:37:34+00:00
34,Tedarikçiye Gönderildi,2024-04-27T12:46:29+00:00
34,Tedarikçi Onayladı,2024-04-27T16:43:09+00:00
34,Mal/Hizmet Alındı,2024-04-30T02:08:39+00:00
34,Fatura Alındı,2024-05-04T13:28:10+00:00
34,Ödeme Yapıldı,2024-05-04T20:50:14+00:00
35,Satın Alma Talebi Oluşturuldu,2024-01-06T07:21:46+00:00
35,Talep Onaya Gönderildi,2024-01-06T11:02:26+00:00
35,Talep Reddedildi,2024-01-06T18:12:12+00:00
35,Talep Güncellendi,2024-01-07T15:54:45+00:00
35,Talep Onaya Gönderildi,2024-01-08T05:15:13+00:00
35,Talep Onaylandı,2024-01-08T06:54:36+00:00
35,Satın Alma Siparişi Oluşturuldu,2024-01-09T02:59:32+00:00
35,Tedarikçiye Gönderildi,2024-01-09T07:28:19+00:00
35,Tedarikçi Onayladı,2024-01-09T14:07:03+00:00
35,Mal/Hizmet Alındı,2024-01-11T16:52:22+00:00
35,Fatura Alındı,2024-01-18T06:58:09+00:00
35,Ödeme Yapıldı,2024-01-18T11:38:21+00:00
36,Satın Alma Talebi Oluşturuldu,2024-12-27T21:34:39+00:00
36,Talep Onaya Gönderildi,2024-12-28T00:34:48+00:00
36,Talep Onaylandı,2024-12-28T08:30:27+00:00
36,Satın Alma Siparişi Oluşturuldu,2024-12-29T00:24:59+00:00
36,Tedarikçiye Gönderildi,2024-12-29T06:10:00+00:00
36,Tedarikçi Onayladı,2024-12-29T17:04:51+00:00
36,Mal/Hizmet Alındı,2024-12-31T22:29:18+00:00
36,Fatura Alındı,2025-01-06T12:48:04+00:00
36,Ödeme Yapıldı,2025-01-07T01:54:23+00:00
37,Satın Alma Talebi Oluşturuldu,2024-12-13T08:25:55+00:00
37,Talep Onaya Gönderildi,2024-12-13T12:07:24+00:00
37,Talep Onaylandı,2024-12-13T18:35:07+00:00
37,Satın Alma Siparişi Oluşturuldu,2024-12-14T08:04:44+00:00
37,Tedarikçiye Gönderildi,2024-12-14T10:22:29+00:00
37,Tedarikçi Onayladı,2024-12-14T14:50:50+00:00
37,Mal/Hizmet Alındı,2024-12-16T21:27:18+00:00
37,Fatura Alındı,2024-12-22T17:21:09+00:00
37,Fatura Uyuşmazlığı,2024-12-23T06:49:16+00:00
37,Fatura Düzeltildi,2024-12-23T18:20:32+00:00
37,Ödeme Yapıldı,2024-12-25T07:31:22+00:00
38,Satın Alma Talebi Oluşturuldu,2024-08-10T22:21:31+00:00
38,Talep Onaya Gönderildi,2024-08-11T00:03:43+00:00
38,Talep Onaylandı,2024-08-11T04:04:37+00:00
38,Satın Alma Siparişi Oluşturuldu,2024-08-12T01:56:15+00:00
38,Tedarikçiye Gönderildi,2024-08-12T03:20:26+00:00
38,Tedarikçi Onayladı,2024-08-12T06:50:56+00:00
38,Mal/Hizmet Alındı,2024-08-14T01:14:04+00:00
38,Fatura Alındı,2024-08-16T19:34:16+00:00
38,Ödeme Yapıldı,2024-08-17T02:16:41+00:00
39,Satın Alma Talebi Oluşturuldu,2024-09-15T00:04:34+00:00
39,Talep Onaya Gönderildi,2024-09-15T02:42:14+00:00
39,Talep Onaylandı,2024-09-15T07:11:54+00:00
39,Satın Alma Siparişi Oluşturuldu,2024-09-15T15:20:06+00:00
39,Tedarikçiye Gönderildi,2024-09-15T18:26:09+00:00
39,Tedarikçi Onayladı,2024-09-16T05:29:03+00:00
39,Kısmi Teslimat Alındı,2024-09-18T09:31:12+00:00
39,İkinci Teslimat Alındı,2024-09-22T11:35:52+00:00
39,Fatura Alındı,2024-09-26T01:16:57+00:00
39,Ödeme Yapıldı,2024-09-26T20:07:32+00:00
40,Satın Alma Talebi Oluşturuldu,2024-01-06T13:54:39+00:00
40,Talep Onaya Gönderildi,2024-01-06T17:44:20+00:00
40,Talep Onaylandı,2024-01-06T21:31:50+00:00
40,Satın Alma Siparişi Oluşturuldu,2024-01-07T09:19:49+00:00
40,Tedarikçiye Gönderildi,2024-01-07T14:47:19+00:00
40,Tedarikçi Onayladı,2024-01-08T01:08:45+00:00
40,Mal/Hizmet Alındı,2024-01-10T02:58:49+00:00
40,Fatura Alındı,2024-01-15T19:08:11+00:00
40,Ödeme Yapıldı,2024-01-16T14:44:01+00:00
41,Satın Alma Talebi Oluşturuldu,2025-01-15T05:15:25+00:00
41,Talep Onaya Gönderildi,2025-01-15T06:54:54+00:00
41,Talep Onaylandı,2025-01-15T11:31:48+00:00
41,Satın Alma Siparişi Oluşturuldu,2025-01-15T16:06:38+00:00
41,Tedarikçiye Gönderildi,2025-01-15T18:47:28+00:00
41,Tedarikçi Onayladı,2025-01-16T03:34:58+00:00
41,Mal/Hizmet Alındı,2025-01-17T22:59:23+00:00
41,Fatura Alındı,2025-01-20T18:47:43+00:00
41,Ödeme Yapıldı,2025-01-21T07:04:40+00:00
42,Satın Alma Talebi Oluşturuldu,2025-02-19T20:47:10+00:00
42,Talep Onaya Gönderildi,2025-02-19T21:52:01+00:00
42,Talep Onaylandı,2025-02-20T02:13:52+00:00
42,Satın Alma Siparişi Oluşturuldu,2025-02-20T17:31:08+00:00
42,Tedarikçiye Gönderildi,2025-02-20T18:39:16+00:00
42,Tedarikçi Onayladı,2025-02-21T03:04:55+00:00
42,Mal/Hizmet Alındı,2025-02-22T09:35:43+00:00
42,Fatura Alındı,2025-02-26T16:59:57+00:00
42,Ödeme Yapıldı,2025-02-26T20:06:20+00:00
43,Satın Alma Talebi Oluşturuldu,2024-06-14T09:38:01+00:00
43,Talep Onaya Gönderildi,2024-06-14T11:59:51+00:00
43,Talep Onaylandı,2024-06-14T16:01:21+00:00
43,Satın Alma Siparişi Oluşturuldu,2024-06-15T13:36:55+00:00
43,Tedarikçiye Gönderildi,2024-06-15T16:00:24+00:00
43,Tedarikçi Onayladı,2024-06-16T03:31:07+00:00
43,Mal/Hizmet Alındı,2024-06-17T23:45:14+00:00
43,Fatura Alındı,2024-06-24T03:56:35+00:00
43,Ödeme Yapıldı,2024-06-24T16:17:24+00:00
44,Satın Alma Talebi Oluşturuldu,2024-02-11T10:56:45+00:00
44,Talep Onaya Gönderildi,2024-02-11T14:56:44+00:00
44,Talep Onaylandı,2024-02-11T19:02:43+00:00
44,Satın Alma Siparişi Oluşturuldu,2024-02-12T12:02:53+00:00
44,Tedarikçiye Gönderildi,2024-02-12T16:57:15+00:00
44,Tedarikçi Onayladı,2024-02-13T01:28:18+00:00
44,Mal/Hizmet Alındı,2024-02-15T13:40:30+00:00
44,Fatura Alındı,2024-02-22T07:37:42+00:00
44,Ödeme Yapıldı,2024-02-22T14:00:52+00:00
45,Satın Alma Talebi Oluşturuldu,2024-04-29T08:36:46+00:00
45,Talep Onaya Gönderildi,2024-04-29T10:19:42+00:00
45,Talep Onaylandı,2024-04-29T15:10:11+00:00
45,Satın Alma Siparişi Oluşturuldu,2024-04-29T21:27:27+00:00
45,Tedarikçiye Gönderildi,2024-04-30T03:11:46+00:00
45,Tedarikçi Onayladı,2024-04-30T09:50:48+00:00
45,Mal/Hizmet Alındı,2024-05-01T22:08:47+00:00
45,Fatura Alındı,2024-05-05T18:24:49+00:00
45,Ödeme Yapıldı,2024-05-06T09:44:36+00:00
46,Satın Alma Talebi Oluşturuldu,2024-03-30T23:02:50+00:00
46,Talep Onaya Gönderildi,2024-03-31T02:22:50+00:00
46,Talep Reddedildi,2024-03-31T05:21:47+00:00
46,Talep Güncellendi,2024-03-31T15:35:02+00:00
46,Talep Onaya Gönderildi,2024-04-01T02:31:41+00:00
46,Talep Onaylandı,2024-04-01T06:18:53+00:00
46,Satın Alma Siparişi Oluşturuldu,2024-04-01T21:49:50+00:00
46,Tedarikçiye Gönderildi,2024-04-02T03:22:15+00:00
46,Tedarikçi Onayladı,2024-04-02T09:07:26+00:00
46,Mal/Hizmet Alındı,2024-04-05T06:18:52+00:00
46,Fatura Alındı,2024-04-08T06:06:50+00:00
46,Ödeme Yapıldı,2024-04-08T21:08:25+00:00
47,Satın Alma Talebi Oluşturuldu,2024-07-08T15:02:26+00:00
47,Talep Onaya Gönderildi,2024-07-08T16:20:46+00:00
47,Talep Reddedildi,2024-07-08T22:58:52+00:00
47,Talep Güncellendi,2024-07-09T19:59:13+00:00
47,Talep Onaya Gönderildi,2024-07-10T07:11:31+00:00
47,Talep Onaylandı,2024-07-10T08:33:18+00:00
47,Satın Alma Siparişi Oluşturuldu,2024-07-11T08:13:55+00:00
47,Tedarikçiye Gönderildi,2024-07-11T13:08:42+00:00
47,Tedarikçi Onayladı,2024-07-11T18:37:01+00:00
47,Mal/Hizmet Alındı,2024-07-13T15:10:45+00:00
47,Fatura Alındı,2024-07-17T11:38:52+00:00
47,Ödeme Yapıldı,2024-07-18T00:46:44+00:00
48,Satın Alma Talebi Oluşturuldu,2024-11-23T06:27:44+00:00
48,Talep Onaya Gönderildi,2024-11-23T09:55:45+00:00
48,Talep Reddedildi,2024-11-23T12:33:44+00:00
48,Talep Güncellendi,2024-11-24T11:46:41+00:00
48,Talep Onaya Gönderildi,2024-11-24T23:24:18+00:00
48,Talep Onaylandı,2024-11-25T02:53:28+00:00
48,Satın Alma Siparişi Oluşturuldu,2024-11-25T21:02:15+00:00
48,Tedarikçiye Gönderildi,2024-11-26T00:12:53+00:00
48,Tedarikçi Onayladı,2024-11-26T09:33:10+00:00
48,Mal/Hizmet Alındı,2024-11-29T07:53:44+00:00
48,Fatura Alındı,2024-12-02T16:18:19+00:00
48,Ödeme Yapıldı,2024-12-03T12:05:09+00:00
49,Satın Alma Talebi Oluşturuldu,2025-01-11T13:02:48+00:00
49,Talep Onaya Gönderildi,2025-01-11T15:26:28+00:00
49,Talep Onaylandı,2025-01-11T22:23:44+00:00
49,Satın Alma Siparişi Oluşturuldu,2025-01-12T14:14:42+00:00
49,Tedarikçiye Gönderildi,2025-01-12T16:51:24+00:00
49,Tedarikçi Onayladı,2025-01-12T21:18:41+00:00
49,Mal/Hizmet Alındı,2025-01-15T18:10:24+00:00
49,Fatura Alındı,2025-01-19T03:38:41+00:00
49,Ödeme Yapıldı,2025-01-19T15:33:45+00:00
50,Satın Alma Talebi Oluşturuldu,2024-10-22T08:52:21+00:00
50,Talep Onaya Gönderildi,2024-10-22T10:52:54+00:00
50,Talep Onaylandı,2024-10-22T15:50:51+00:00
50,Satın Alma Siparişi Oluşturuldu,2024-10-23T02:20:52+00:00
50,Tedarikçiye Gönderildi,2024-10-23T05:47:08+00:00
50,Tedarikçi Onayladı,2024-10-23T11:20:01+00:00
50,Mal/Hizmet Alındı,2024-10-24T23:44:05+00:00
50,Fatura Alındı,2024-10-28T09:17:37+00:00
50,Ödeme Yapıldı,2024-10-29T00:24:32+00:00
51,Satın Alma Talebi Oluşturuldu,2024-01-09T21:13:49+00:00
51,Talep Onaya Gönderildi,2024-01-09T23:46:48+00:00
51,Talep Onaylandı,2024-01-10T02:55:35+00:00
51,Satın Alma Siparişi Oluşturuldu,2024-01-10T11:45:13+00:00
51,Tedarikçiye Gönderildi,2024-01-10T14:47:08+00:00
51,Tedarikçi Onayladı,2024-01-10T22:20:15+00:00
51,Mal/Hizmet Alındı,2024-01-12T09:52:23+00:00
51,Fatura Alındı,2024-01-16T19:00:15+00:00
51,Fatura Uyuşmazlığı,2024-01-17T12:39:53+00:00
51,Fatura Düzeltildi,2024-01-17T22:02:34+00:00
51,Ödeme Yapıldı,2024-01-18T22:52:13+00:00
52,Satın Alma Talebi Oluşturuldu,2024-11-11T02:35:00+00:00
52,Talep Onaya Gönderildi,2024-11-11T05:39:31+00:00
52,Talep Onaylandı,2024-11-11T09:29:45+00:00
52,Satın Alma Siparişi Oluşturuldu,2024-11-12T01:07:37+00:00
52,Tedarikçiye Gönderildi,2024-11-12T04:29:36+00:00
52,Tedarikçi Onayladı,2024-11-12T11:48:09+00:00
52,Mal/Hizmet Alındı,2024-11-14T08:13:36+00:00
52,Fatura Alındı,2024-11-20T01:44:20+00:00
52,Ödeme Yapıldı,2024-11-20T11:00:59+00:00
53,Satın Alma Talebi Oluşturuldu,2024-07-30T10:14:53+00:00
53,Talep Onaya Gönderildi,2024-07-30T12:10:04+00:00
53,Talep Onaylandı,2024-07-30T15:33:04+00:00
53,Satın Alma Siparişi Oluşturuldu,2024-07-31T09:58:36+00:00
53,Tedarikçiye Gönderildi,2024-07-31T12:33:16+00:00
53,Tedarikçi Onayladı,2024-07-31T21:59:00+00:00
53,Mal/Hizmet Alındı,2024-08-03T19:37:31+00:00
53,Fatura Alındı,2024-08-09T06:26:42+00:00
53,Ödeme Yapıldı,2024-08-09T12:39:32+00:00
54,Satın Alma Talebi Oluşturuldu,2024-08-03T18:19:35+00:00
54,Talep Onaya Gönderildi,2024-08-03T21:30:00+00:00
54,Talep Onaylandı,2024-08-04T05:21:35+00:00
54,Satın Alma Siparişi Oluşturuldu,2024-08-04T19:51:09+00:00
54,Tedarikçiye Gönderildi,2024-08-04T22:16:03+00:00
54,Tedarikçi Onayladı,2024-08-05T01:16:22+00:00
54,Mal/Hizmet Alındı,2024-08-06T10:35:25+00:00
54,Fatura Alındı,2024-08-09T13:53:18+00:00
54,Ödeme Yapıldı,2024-08-09T19:50:10+00:00
55,Satın Alma Talebi Oluşturuldu,2025-02-19T20:59:59+00:00
55,Talep Onaya Gönderildi,2025-02-19T22:22:46+00:00
55,Talep Onaylandı,2025-02-20T00:39:09+00:00
55,Satın Alma Siparişi Oluşturuldu,2025-02-20T05:44:35+00:00
55,Tedarikçiye Gönderildi,2025-02-20T08:12:13+00:00
55,Tedarikçi Onayladı,2025-02-20T19:38:40+00:00
55,Mal/Hizmet Alındı,2025-02-23T02:15:44+00:00
55,Fatura Alındı,2025-02-28T20:35:50+00:00
55,Ödeme Yapıldı,2025-03-01T00:51:15+00:00
56,Satın Alma Talebi Oluşturuldu,2024-08-09T20:28:09+00:00
56,Talep Onaya Gönderildi,2024-08-09T22:52:38+00:00
56,Talep Onaylandı,2024-08-10T03:31:12+00:00
56,Satın Alma Siparişi Oluşturuldu,2024-08-10T11:12:26+00:00
56,Tedarikçiye Gönderildi,2024-08-10T12:27:51+00:00
56,Tedarikçi Onayladı,2024-08-10T23:52:29+00:00
56,Mal/Hizmet Alındı,2024-08-12T22:48:21+00:00
56,Fatura Alındı,2024-08-19T01:27:35+00:00
56,Ödeme Yapıldı,2024-08-19T12:16:31+00:00
57,Satın Alma Talebi Oluşturuldu,2024-02-12T15:20:44+00:00
57,Talep Onaya Gönderildi,2024-02-12T16:48:02+00:00
57,Talep Onaylandı,2024-02-12T23:40:03+00:00
57,Satın Alma Siparişi Oluşturuldu,2024-02-13T22:39:00+00:00
57,Tedarikçiye Gönderildi,2024-02-14T00:04:33+00:00
57,Tedarikçi Onayladı,2024-02-14T04:33:28+00:00
57,Mal/Hizmet Alındı,2024-02-16T07:20:43+00:00
57,Fatura Alındı,2024-02-20T09:17:10+00:00
57,Ödeme Yapıldı,2024-02-21T00:24:03+00:00
58,Satın Alma Talebi Oluşturuldu,2025-02-10T21:27:29+00:00
58,Talep Onaya Gönderildi,2025-02-10T23:35:57+00:00
58,Talep Reddedildi,2025-02-11T07:03:00+00:00
58,Talep Güncellendi,2025-02-11T16:59:50+00:00
58,Talep Onaya Gönderildi,2025-02-12T04:03:34+00:00
58,Talep Onaylandı,2025-02-12T06:20:45+00:00
58,Satın Alma Siparişi Oluşturuldu,2025-02-12T21:43:07+00:00
58,Tedarikçiye Gönderildi,2025-02-12T23:01:11+00:00
58,Tedarikçi Onayladı,2025-02-13T10:37:15+00:00
58,Mal/Hizmet Alındı,2025-02-14T15:23:02+00:00
58,Fatura Alındı,2025-02-20T10:54:45+00:00
58,Ödeme Yapıldı,2025-02-21T02:40:26+00:00
59,Satın Alma Talebi Oluşturuldu,2024-03-05T01:26:38+00:00
59,Talep Onaya Gönderildi,2024-03-05T02:54:54+00:00
59,Talep Onaylandı,2024-03-05T05:57:28+00:00
59,Satın Alma Siparişi Oluşturuldu,2024-03-05T11:27:33+00:00
59,Tedarikçiye Gönderildi,2024-03-05T12:28:21+00:00
59,Tedarikçi Onayladı,2024-03-05T18:58:39+00:00
59,Mal/Hizmet Alındı,2024-03-07T23:28:50+00:00
59,Fatura Alındı,2024-03-11T10:25:54+00:00
59,Ödeme Yapıldı,2024-03-11T17:31:27+00:00
60,Satın Alma Talebi Oluşturuldu,2024-12-19T15:45:26+00:00
60,Talep Onaya Gönderildi,2024-12-19T16:58:14+00:00
60,Talep Reddedildi,2024-12-19T20:22:16+00:00
60,Talep Güncellendi,2024-12-20T05:39:44+00:00
60,Talep Onaya Gönderildi,2024-12-20T19:09:26+00:00
60,Talep Onaylandı,2024-12-20T21:55:36+00:00
60,Satın Alma Siparişi Oluşturuldu,2024-12-21T18:00:17+00:00
60,Tedarikçiye Gönderildi,2024-12-21T19:59:38+00:00
60,Tedarikçi Onayladı,2024-12-21T23:08:30+00:00
60,Mal/Hizmet Alındı,2024-12-23T09:55:57+00:00
60,Fatura Alındı,2024-12-26T03:48:40+00:00
60,Ödeme Yapıldı,2024-12-26T11:39:18+00:00
61,Satın Alma Talebi Oluşturuldu,2024-02-17T07:44:01+00:00
61,Talep Onaya Gönderildi,2024-02-17T09:13:52+00:00
61,Talep Onaylandı,2024-02-17T13:04:37+00:00
61,Satın Alma Siparişi Oluşturuldu,2024-02-18T08:03:22+00:00
61,Tedarikçiye Gönderildi,2024-02-18T11:54:08+00:00
61,Tedarikçi Onayladı,2024-02-18T16:47:18+00:00
61,Mal/Hizmet Alındı,2024-02-19T22:45:26+00:00
61,Fatura Alındı,2024-02-25T09:23:55+00:00
61,Ödeme Yapıldı,2024-02-26T02:47:34+00:00
62,Satın Alma Talebi Oluşturuldu,2025-01-24T17:28:39+00:00
62,Talep Onaya Gönderildi,2025-01-24T20:05:50+00:00
62,Talep Onaylandı,2025-01-25T00:43:26+00:00
62,Satın Alma Siparişi Oluşturuldu,2025-01-25T16:41:05+00:00
62,Tedarikçiye Gönderildi,2025-01-25T22:07:54+00:00
62,Tedarikçi Onayladı,2025-01-26T07:28:37+00:00
62,Mal/Hizmet Alındı,2025-01-28T12:27:19+00:00
62,Fatura Alındı,2025-01-30T15:33:33+00:00
62,Ödeme Yapıldı,2025-01-30T22:35:44+00:00
63,Satın Alma Talebi Oluşturuldu,2024-01-18T02:43:23+00:00
63,Talep Onaya Gönderildi,2024-01-18T06:43:18+00:00
63,Talep Onaylandı,2024-01-18T12:45:19+00:00
63,Satın Alma Siparişi Oluşturuldu,2024-01-18T22:08:44+00:00
63,Tedarikçiye Gönderildi,2024-01-18T23:20:48+00:00
63,Tedarikçi Onayladı,2024-01-19T08:54:34+00:00
63,Mal/Hizmet Alındı,2024-01-21T07:29:36+00:00
63,Fatura Alındı,2024-01-26T13:40:28+00:00
63,Ödeme Yapıldı,2024-01-27T11:49:41+00:00
64,Satın Alma Talebi Oluşturuldu,2024-12-05T13:29:06+00:00
64,Talep Onaya Gönderildi,2024-12-05T16:23:21+00:00
64,Talep Reddedildi,2024-12-05T21:20:22+00:00
64,Talep Güncellendi,2024-12-06T03:09:52+00:00
64,Talep Onaya Gönderildi,2024-12-06T11:20:24+00:00
64,Talep Onaylandı,2024-12-06T13:20:24+00:00
64,Satın Alma Siparişi Oluşturuldu,2024-12-07T06:44:33+00:00
64,Tedarikçiye Gönderildi,2024-12-07T12:01:52+00:00
64,Tedarikçi Onayladı,2024-12-07T17:19:45+00:00
64,Mal/Hizmet Alındı,2024-12-10T02:37:32+00:00
64,Fatura Alındı,2024-12-13T13:12:42+00:00
64,Ödeme Yapıldı,2024-12-14T12:00:22+00:00
65,Satın Alma Talebi Oluşturuldu,2024-01-30T12:05:02+00:00
65,Talep Onaya Gönderildi,2024-01-30T14:26:54+00:00
65,Talep Onaylandı,2024-01-30T18:20:07+00:00
65,Satın Alma Siparişi Oluşturuldu,2024-01-31T04:48:03+00:00
65,Tedarikçiye Gönderildi,2024-01-31T10:39:06+00:00
65,Tedarikçi Onayladı,2024-01-31T16:41:37+00:00
65,Kısmi Teslimat Alındı,2024-02-02T17:23:39+00:00
65,İkinci Teslimat Alındı,2024-02-07T16:32:19+00:00
65,Fatura Alındı,2024-02-10T15:53:25+00:00
65,Ödeme Yapıldı,2024-02-11T05:49:38+00:00
66,Satın Alma Talebi Oluşturuldu,2024-05-26T16:47:31+00:00
66,Talep Onaya Gönderildi,2024-05-26T19:20:50+00:00
66,Talep Onaylandı,2024-05-27T01:04:59+00:00
66,Satın Alma Siparişi Oluşturuldu,2024-05-27T15:03:10+00:00
66,Tedarikçiye Gönderildi,2024-05-27T18:15:47+00:00
66,Tedarikçi Onayladı,2024-05-27T20:46:45+00:00
66,Mal/Hizmet Alındı,2024-05-29T09:35:52+00:00
66,Fatura Alındı,2024-06-01T01:19:10+00:00
66,Ödeme Yapıldı,2024-06-01T09:39:22+00:00
67,Satın Alma Talebi Oluşturuldu,2025-01-12T11:40:58+00:00
67,Talep Onaya Gönderildi,2025-01-12T13:02:49+00:00
67,Talep Onaylandı,2025-01-12T20:53:09+00:00
67,Satın Alma Siparişi Oluşturuldu,2025-01-13T13:03:48+00:00
67,Tedarikçiye Gönderildi,2025-01-13T15:15:35+00:00
67,Tedarikçi Onayladı,2025-01-13T18:50:37+00:00
67,Kısmi Teslimat Alındı,2025-01-15T21:17:02+00:00
67,İkinci Teslimat Alındı,2025-01-19T13:02:45+00:00
67,Fatura Alındı,2025-01-20T19:45:25+00:00
67,Ödeme Yapıldı,2025-01-21T19:35:12+00:00
68,Satın Alma Talebi Oluşturuldu,2024-12-25T10:00:43+00:00
68,Talep Onaya Gönderildi,2024-12-25T13:51:11+00:00
68,Talep Onaylandı,2024-12-25T19:44:21+00:00
68,Satın Alma Siparişi Oluşturuldu,2024-12-26T02:49:07+00:00
68,Tedarikçiye Gönderildi,2024-12-26T08:28:55+00:00
68,Tedarikçi Onayladı,2024-12-26T13:24:02+00:00
68,Mal/Hizmet Alındı,2024-12-28T23:15:37+00:00
68,Fatura Alındı,2025-01-02T01:07:09+00:00
68,Ödeme Yapıldı,2025-01-02T13:44:03+00:00
69,Satın Alma Talebi Oluşturuldu,2024-12-21T19:07:01+00:00
69,Talep Onaya Gönderildi,2024-12-21T21:46:14+00:00
69,Talep Onaylandı,2024-12-22T02:04:20+00:00
69,Satın Alma Siparişi Oluşturuldu,2024-12-23T00:30:34+00:00
69,Tedarikçiye Gönderildi,2024-12-23T04:03:02+00:00
69,Tedarikçi Onayladı,2024-12-23T14:50:38+00:00
69,Mal/Hizmet Alındı,2024-12-26T08:19:02+00:00
69,Fatura Alındı,2024-12-29T17:28:01+00:00
69,Fatura Uyuşmazlığı,2024-12-30T12:50:49+00:00
69,Fatura Düzeltildi,2024-12-30T21:49:35+00:00
69,Ödeme Yapıldı,2025-01-02T18:40:13+00:00
70,Satın Alma Talebi Oluşturuldu,2024-01-03T23:49:11+00:00
70,Talep Onaya Gönderildi,2024-01-04T01:40:05+00:00
70,Talep Onaylandı,2024-01-04T05:27:34+00:00
70,Satın Alma Siparişi Oluşturuldu,2024-01-04T21:11:53+00:00
70,Tedarikçiye Gönderildi,2024-01-05T03:11:34+00:00
70,Tedarikçi Onayladı,2024-01-05T10:05:21+00:00
70,Mal/Hizmet Alındı,2024-01-06T17:13:18+00:00
70,Fatura Alındı,2024-01-11T09:51:05+00:00
70,Ödeme Yapıldı,2024-01-11T19:26:39+00:00
71,Satın Alma Talebi Oluşturuldu,2025-02-27T02:16:14+00:00
71,Talep Onaya Gönderildi,2025-02-27T04:24:07+00:00
71,Talep Onaylandı,2025-02-27T11:59:57+00:00
71,Satın Alma Siparişi Oluşturuldu,2025-02-28T09:23:28+00:00
71,Tedarikçiye Gönderildi,2025-02-28T15:17:42+00:00
71,Tedarikçi Onayladı,2025-02-28T19:40:59+00:00
71,Mal/Hizmet Alındı,2025-03-02T14:03:57+00:00
71,Fatura Alındı,2025-03-08T20:47:14+00:00
71,Ödeme Yapıldı,2025-03-09T07:49:28+00:00
72,Satın Alma Talebi Oluşturuldu,2025-01-03T08:54:58+00:00
72,Talep Onaya Gönderildi,2025-01-03T12:01:54+00:00
72,Talep Onaylandı,2025-01-03T18:54:00+00:00
72,Satın Alma Siparişi Oluşturuldu,2025-01-04T06:37:18+00:00
72,Tedarikçiye Gönderildi,2025-01-04T10:56:24+00:00
72,Tedarikçi Onayladı,2025-01-04T21:08:51+00:00
72,Mal/Hizmet Alındı,2025-01-07T20:13:37+00:00
72,Fatura Alındı,2025-01-12T07:39:59+00:00
72,Fatura Uyuşmazlığı,2025-01-12T10:28:51+00:00
72,Fatura Düzeltildi,2025-01-12T20:30:30+00:00
72,Ödeme Yapıldı,2025-01-15T00:50:13+00:00
73,Satın Alma Talebi Oluşturuldu,2024-12-08T23:54:09+00:00
73,Talep Onaya Gönderildi,2024-12-09T01:12:05+00:00
73,Talep Onaylandı,2024-12-09T08:39:51+00:00
73,Satın Alma Siparişi Oluşturuldu,2024-12-09T12:58:16+00:00
73,Tedarikçiye Gönderildi,2024-12-09T14:41:31+00:00
73,Tedarikçi Onayladı,2024-12-10T01:24:04+00:00
73,Mal/Hizmet Alındı,2024-12-12T23:57:33+00:00
73,Fatura Alındı,2024-12-15T08:56:19+00:00
73,Ödeme Yapıldı,2024-12-16T04:07:55+00:00
74,Satın Alma Talebi Oluşturuldu,2024-11-05T17:37:34+00:00
74,Talep Onaya Gönderildi,2024-11-05T20:34:32+00:00
74,Talep Onaylandı,2024-11-06T03:41:10+00:00
74,Satın Alma Siparişi Oluşturuldu,2024-11-07T00:43:58+00:00
74,Tedarikçiye Gönderildi,2024-11-07T06:01:47+00:00
74,Tedarikçi Onayladı,2024-11-07T11:49:47+00:00
74,Mal/Hizmet Alındı,2024-11-09T03:01:46+00:00
74,Fatura Alındı,2024-11-14T17:16:32+00:00
74,Fatura Uyuşmazlığı,2024-11-15T11:58:57+00:00
74,Fatura Düzeltildi,2024-11-16T02:27:03+00:00
74,Ödeme Yapıldı,2024-11-17T04:10:27+00:00
75,Satın Alma Talebi Oluşturuldu,2024-08-12T05:07:58+00:00
75,Talep Onaya Gönderildi,2024-08-12T09:07:30+00:00
75,Talep Onaylandı,2024-08-12T15:36:20+00:00
75,Satın Alma Siparişi Oluşturuldu,2024-08-13T04:17:06+00:00
75,Tedarikçiye Gönderildi,2024-08-13T05:46:38+00:00
75,Tedarikçi Onayladı,2024-08-13T14:06:53+00:00
75,Mal/Hizmet Alındı,2024-08-16T07:59:54+00:00
75,Fatura Alındı,2024-08-20T13:14:24+00:00
75,Ödeme Yapıldı,2024-08-21T06:30:28+00:00
76,Satın Alma Talebi Oluşturuldu,2024-02-06T17:20:01+00:00
76,Talep Onaya Gönderildi,2024-02-06T19:18:24+00:00
76,Talep Onaylandı,2024-02-06T21:38:36+00:00
76,Satın Alma Siparişi Oluşturuldu,2024-02-07T08:48:45+00:00
76,Tedarikçiye Gönderildi,2024-02-07T11:57:58+00:00
76,Tedarikçi Onayladı,2024-02-07T16:24:29+00:00
76,Kısmi Teslimat Alındı,2024-02-09T12:11:11+00:00
76,İkinci Teslimat Alındı,2024-02-13T13:16:34+00:00
76,Fatura Alındı,2024-02-15T02:14:25+00:00
76,Ödeme Yapıldı,2024-02-15T08:05:30+00:00
77,Satın Alma Talebi Oluşturuldu,2024-10-25T03:08:33+00:00
77,Talep Onaya Gönderildi,2024-10-25T06:00:05+00:00
77,Talep Onaylandı,2024-10-25T09:26:47+00:00
77,Satın Alma Siparişi Oluşturuldu,2024-10-26T07:42:11+00:00
77,Tedarikçiye Gönderildi,2024-10-26T09:25:07+00:00
77,Tedarikçi Onayladı,2024-10-26T16:01:49+00:00
77,Mal/Hizmet Alındı,2024-10-28T04:13:16+00:00
77,Fatura Alındı,2024-10-31T10:51:37+00:00
77,Ödeme Yapıldı,2024-10-31T13:04:01+00:00
78,Satın Alma Talebi Oluşturuldu,2024-08-12T09:50:34+00:00
78,Talep Onaya Gönderildi,2024-08-12T12:52:32+00:00
78,Talep Reddedildi,2024-08-12T15:49:24+00:00
78,Talep Güncellendi,2024-08-13T04:39:29+00:00
78,Talep Onaya Gönderildi,2024-08-13T12:48:17+00:00
78,Talep Onaylandı,2024-08-13T15:34:03+00:00
78,Satın Alma Siparişi Oluşturuldu,2024-08-14T08:20:46+00:00
78,Tedarikçiye Gönderildi,2024-08-14T11:28:04+00:00
78,Tedarikçi Onayladı,2024-08-14T15:58:07+00:00
78,Mal/Hizmet Alındı,2024-08-17T08:32:36+00:00
78,Fatura Alındı,2024-08-20T08:26:58+00:00
78,Ödeme Yapıldı,2024-08-20T18:54:45+00:00
79,Satın Alma Talebi Oluşturuldu,2024-07-04T05:50:05+00:00
79,Talep Onaya Gönderildi,2024-07-04T07:58:43+00:00
79,Talep Onaylandı,2024-07-04T12:07:57+00:00
79,Satın Alma Siparişi Oluşturuldu,2024-07-04T22:03:00+00:00
79,Tedarikçiye Gönderildi,2024-07-05T02:32:47+00:00
79,Tedarikçi Onayladı,2024-07-05T04:45:56+00:00
79,Kısmi Teslimat Alındı,2024-07-07T20:36:27+00:00
79,İkinci Teslimat Alındı,2024-07-11T01:06:20+00:00
79,Fatura Alındı,2024-07-12T01:41:19+00:00
79,Ödeme Yapıldı,2024-07-12T22:43:12+00:00
80,Satın Alma Talebi Oluşturuldu,2024-02-09T02:15:03+00:00
80,Talep Onaya Gönderildi,2024-02-09T05:58:57+00:00
80,Talep Onaylandı,2024-02-09T12:27:13+00:00
80,Satın Alma Siparişi Oluşturuldu,2024-02-10T09:06:37+00:00
80,Tedarikçiye Gönderildi,2024-02-10T14:37:30+00:00
80,Tedarikçi Onayladı,2024-02-11T00:22:57+00:00
80,Kısmi Teslimat Alındı,2024-02-12T11:25:41+00:00
80,İkinci Teslimat Alındı,2024-02-16T21:10:02+00:00
80,Fatura Alındı,2024-02-18T12:56:08+00:00
80,Ödeme Yapıldı,2024-02-18T19:07:06+00:00
81,Satın Alma Talebi Oluşturuldu,2024-04-17T05:44:59+00:00
81,Talep Onaya Gönderildi,2024-04-17T08:38:04+00:00
81,Talep Reddedildi,2024-04-17T16:03:17+00:00
81,Talep Güncellendi,2024-04-18T08:58:54+00:00
81,Talep Onaya Gönderildi,2024-04-18T16:41:20+00:00
81,Talep Onaylandı,2024-04-18T19:00:40+00:00
81,Satın Alma Siparişi Oluşturuldu,2024-04-19T10:36:10+00:00
81,Tedarikçiye Gönderildi,2024-04-19T15:15:52+00:00
81,Tedarikçi Onayladı,2024-04-19T18:09:57+00:00
81,Mal/Hizmet Alındı,2024-04-21T08:19:52+00:00
81,Fatura Alındı,2024-04-27T02:01:44+00:00
81,Ödeme Yapıldı,2024-04-27T07:53:35+00:00
82,Satın Alma Talebi Oluşturuldu,2025-02-23T23:17:21+00:00
82,Talep Onaya Gönderildi,2025-02-24T02:55:06+00:00
82,Talep Onaylandı,2025-02-24T07:06:49+00:00
82,Satın Alma Siparişi Oluşturuldu,2025-02-24T21:08:58+00:00
82,Tedarikçiye Gönderildi,2025-02-24T23:30:44+00:00
82,Tedarikçi Onayladı,2025-02-25T03:09:27+00:00
82,Mal/Hizmet Alındı,2025-02-27T23:01:55+00:00
82,Fatura Alındı,2025-03-06T16:20:04+00:00
82,Ödeme Yapıldı,2025-03-07T15:37:01+00:00
83,Satın Alma Talebi Oluşturuldu,2024-09-21T02:06:35+00:00
83,Talep Onaya Gönderildi,2024-09-21T05:31:20+00:00
83,Talep Onaylandı,2024-09-21T10:19:56+00:00
83,Satın Alma Siparişi Oluşturuldu,2024-09-21T15:50:18+00:00
83,Tedarikçiye Gönderildi,2024-09-21T20:36:32+00:00
83,Tedarikçi Onayladı,2024-09-22T00:51:55+00:00
83,Mal/Hizmet Alındı,2024-09-24T09:19:43+00:00
83,Fatura Alındı,2024-09-29T18:15:27+00:00
83,Ödeme Yapıldı,2024-09-30T05:00:02+00:00
84,Satın Alma Talebi Oluşturuldu,2024-10-12T02:32:28+00:00
84,Talep Onaya Gönderildi,2024-10-12T03:48:43+00:00
84,Talep Onaylandı,2024-10-12T08:10:46+00:00
84,Satın Alma Siparişi Oluşturuldu,2024-10-12T17:28:07+00:00
84,Tedarikçiye Gönderildi,2024-10-12T19:05:11+00:00
84,Tedarikçi Onayladı,2024-10-13T00:46:20+00:00
84,Kısmi Teslimat Alındı,2024-10-15T12:43:29+00:00
84,İkinci Teslimat Alındı,2024-10-18T07:36:02+00:00
84,Fatura Alındı,2024-10-20T11:02:04+00:00
84,Ödeme Yapıldı,2024-10-21T03:04:57+00:00
85,Satın Alma Talebi Oluşturuldu,2024-07-01T14:45:22+00:00
85,Talep Onaya Gönderildi,2024-07-01T17:10:13+00:00
85,Talep Onaylandı,2024-07-01T22:53:16+00:00
85,Satın Alma Siparişi Oluşturuldu,2024-07-02T21:45:04+00:00
85,Tedarikçiye Gönderildi,2024-07-03T00:23:28+00:00
85,Tedarikçi Onayladı,2024-07-03T08:29:31+00:00
85,Mal/Hizmet Alındı,2024-07-05T15:34:45+00:00
85,Fatura Alındı,2024-07-10T19:49:40+00:00
85,Fatura Uyuşmazlığı,2024-07-11T08:02:30+00:00
85,Fatura Düzeltildi,2024-07-11T20:27:16+00:00
85,Ödeme Yapıldı,2024-07-14T03:37:05+00:00
86,Satın Alma Talebi Oluşturuldu,2024-02-06T05:19:32+00:00
86,Talep Onaya Gönderildi,2024-02-06T09:09:51+00:00
86,Talep Onaylandı,2024-02-06T12:59:25+00:00
86,Satın Alma Siparişi Oluşturuldu,2024-02-07T02:50:34+00:00
86,Tedarikçiye Gönderildi,2024-02-07T04:19:44+00:00
86,Tedarikçi Onayladı,2024-02-07T15:12:05+00:00
86,Mal/Hizmet Alındı,2024-02-08T21:42:48+00:00
86,Fatura Alındı,2024-02-13T04:09:02+00:00
86,Ödeme Yapıldı,2024-02-13T20:54:05+00:00
87,Satın Alma Talebi Oluşturuldu,2025-02-24T13:55:04+00:00
87,Talep Onaya Gönderildi,2025-02-24T16:10:30+00:00
87,Talep Onaylandı,2025-02-24T22:37:43+00:00
87,Satın Alma Siparişi Oluşturuldu,2025-02-25T05:43:09+00:00
87,Tedarikçiye Gönderildi,2025-02-25T08:47:37+00:00
87,Tedarikçi Onayladı,2025-02-25T11:47:01+00:00
87,Mal/Hizmet Alındı,2025-02-27T11:16:21+00:00
87,Fatura Alındı,2025-03-03T12:14:47+00:00
87,Ödeme Yapıldı,2025-03-04T11:10:47+00:00
88,Satın Alma Talebi Oluşturuldu,2024-10-15T19:10:44+00:00
88,Talep Onaya Gönderildi,2024-10-15T20:49:50+00:00
88,Talep Onaylandı,2024-10-16T01:29:55+00:00
88,Satın Alma Siparişi Oluşturuldu,2024-10-16T10:13:16+00:00
88,Tedarikçiye Gönderildi,2024-10-16T13:02:04+00:00
88,Tedarikçi Onayladı,2024-10-17T00:50:37+00:00
88,Kısmi Teslimat Alındı,2024-10-18T18:28:33+00:00
88,İkinci Teslimat Alındı,2024-10-23T11:23:52+00:00
88,Fatura Alındı,2024-10-26T09:49:32+00:00
88,Ödeme Yapıldı,2024-10-26T13:09:27+00:00
89,Satın Alma Talebi Oluşturuldu,2024-04-05T21:13:19+00:00
89,Talep Onaya Gönderildi,2024-04-06T01:04:08+00:00
89,Talep Onaylandı,2024-04-06T08:00:50+00:00
89,Satın Alma Siparişi Oluşturuldu,2024-04-06T13:50:51+00:00
89,Tedarikçiye Gönderildi,2024-04-06T15:54:29+00:00
89,Tedarikçi Onayladı,2024-04-07T00:18:10+00:00
89,Mal/Hizmet Alındı,2024-04-09T22:54:55+00:00
89,Fatura Alındı,2024-04-12T04:59:05+00:00
89,Ödeme Yapıldı,2024-04-12T14:19:19+00:00
90,Satın Alma Talebi Oluşturuldu,2024-06-09T09:18:33+00:00
90,Talep Onaya Gönderildi,2024-06-09T10:30:53+00:00
90,Talep Reddedildi,2024-06-09T17:06:21+00:00
90,Talep Güncellendi,2024-06-10T01:14:56+00:00
90,Talep Onaya Gönderildi,2024-06-10T07:50:25+00:00
90,Talep Onaylandı,2024-06-10T11:26:58+00:00
90,Satın Alma Siparişi Oluşturuldu,2024-06-10T22:01:14+00:00
90,Tedarikçiye Gönderildi,2024-06-10T23:45:30+00:00
90,Tedarikçi Onayladı,2024-06-11T10:45:49+00:00
90,Mal/Hizmet Alındı,2024-06-12T10:53:59+00:00
90,Fatura Alındı,2024-06-18T17:54:31+00:00
90,Ödeme Yapıldı,2024-06-18T23:05:30+00:00
91,Satın Alma Talebi Oluşturuldu,2024-07-14T16:31:58+00:00
91,Talep Onaya Gönderildi,2024-07-14T19:55:41+00:00
91,Talep Onaylandı,2024-07-14T22:35:16+00:00
91,Satın Alma Siparişi Oluşturuldu,2024-07-15T19:55:00+00:00
91,Tedarikçiye Gönderildi,2024-07-15T21:34:33+00:00
91,Tedarikçi Onayladı,2024-07-16T03:09:29+00:00
91,Kısmi Teslimat Alındı,2024-07-18T17:00:10+00:00
91,İkinci Teslimat Alındı,2024-07-22T11:24:01+00:00
91,Fatura Alındı,2024-07-23T12:32:11+00:00
91,Ödeme Yapıldı,2024-07-23T20:22:28+00:00
92,Satın Alma Talebi Oluşturuldu,2024-11-23T23:16:24+00:00
92,Talep Onaya Gönderildi,2024-11-24T01:51:05+00:00
92,Talep Onaylandı,2024-11-24T08:19:32+00:00
92,Satın Alma Siparişi Oluşturuldu,2024-11-24T21:51:01+00:00
92,Tedarikçiye Gönderildi,2024-11-25T02:44:26+00:00
92,Tedarikçi Onayladı,2024-11-25T09:52:22+00:00
92,Mal/Hizmet Alındı,2024-11-26T15:06:27+00:00
92,Fatura Alındı,2024-12-01T03:34:05+00:00
92,Ödeme Yapıldı,2024-12-02T02:22:02+00:00
93,Satın Alma Talebi Oluşturuldu,2025-02-10T00:33:18+00:00
93,Talep Onaya Gönderildi,2025-02-10T02:27:35+00:00
93,Talep Onaylandı,2025-02-10T08:19:11+00:00
93,Satın Alma Siparişi Oluşturuldu,2025-02-10T12:56:34+00:00
93,Tedarikçiye Gönderildi,2025-02-10T18:56:09+00:00
93,Tedarikçi Onayladı,2025-02-11T05:24:31+00:00
93,Mal/Hizmet Alındı,2025-02-13T01:52:12+00:00
93,Fatura Alındı,2025-02-15T14:49:31+00:00
93,Ödeme Yapıldı,2025-02-16T08:29:53+00:00
94,Satın Alma Talebi Oluşturuldu,2024-03-04T18:02:37+00:00
94,Talep Onaya Gönderildi,2024-03-04T20:00:35+00:00
94,Talep Onaylandı,2024-03-04T22:53:59+00:00
94,Satın Alma Siparişi Oluşturuldu,2024-03-05T05:25:25+00:00
94,Tedarikçiye Gönderildi,2024-03-05T09:32:43+00:00
94,Tedarikçi Onayladı,2024-03-05T17:23:56+00:00
94,Mal/Hizmet Alındı,2024-03-08T03:34:56+00:00
94,Fatura Alındı,2024-03-12T01:17:27+00:00
94,Ödeme Yapıldı,2024-03-12T16:26:00+00:00
95,Satın Alma Talebi Oluşturuldu,2025-01-28T16:09:18+00:00
95,Talep Onaya Gönderildi,2025-01-28T18:58:16+00:00
95,Talep Onaylandı,2025-01-28T21:33:58+00:00
95,Satın Alma Siparişi Oluşturuldu,2025-01-29T15:36:06+00:00
95,Tedarikçiye Gönderildi,2025-01-29T20:51:57+00:00
95,Tedarikçi Onayladı,2025-01-30T05:22:30+00:00
95,Mal/Hizmet Alındı,2025-02-01T18:17:07+00:00
95,Fatura Alındı,2025-02-07T08:47:09+00:00
95,Ödeme Yapıldı,2025-02-07T15:30:59+00:00
96,Satın Alma Talebi Oluşturuldu,2024-06-27T11:25:44+00:00
96,Talep Onaya Gönderildi,2024-06-27T13:40:13+00:00
96,Talep Onaylandı,2024-06-27T20:38:05+00:00
96,Satın Alma Siparişi Oluşturuldu,2024-06-28T08:36:34+00:00
96,Tedarikçiye Gönderildi,2024-06-28T13:15:27+00:00
96,Tedarikçi Onayladı,2024-06-28T18:22:58+00:00
96,Mal/Hizmet Alındı,2024-06-30T09:23:02+00:00
96,Fatura Alındı,2024-07-03T15:58:15+00:00
96,Ödeme Yapıldı,2024-07-04T14:56:59+00:00
97,Satın Alma Talebi Oluşturuldu,2025-01-04T08:59:39+00:00
97,Talep Onaya Gönderildi,2025-01-04T10:11:44+00:00
97,Talep Onaylandı,2025-01-04T17:11:10+00:00
97,Satın Alma Siparişi Oluşturuldu,2025-01-04T23:03:02+00:00
97,Tedarikçiye Gönderildi,2025-01-05T00:32:01+00:00
97,Tedarikçi Onayladı,2025-01-05T09:55:17+00:00
97,Mal/Hizmet Alındı,2025-01-08T00:53:11+00:00
97,Fatura Alındı,2025-01-12T19:39:03+00:00
97,Fatura Uyuşmazlığı,2025-01-13T10:33:11+00:00
97,Fatura Düzeltildi,2025-01-13T21:17:32+00:00
97,Ödeme Yapıldı,2025-01-15T13:06:54+00:00
98,Satın Alma Talebi Oluşturuldu,2024-10-02T15:32:45+00:00
98,Talep Onaya Gönderildi,2024-10-02T19:09:59+00:00
98,Talep Onaylandı,2024-10-03T02:48:48+00:00
98,Satın Alma Siparişi Oluşturuldu,2024-10-03T15:16:19+00:00
98,Tedarikçiye Gönderildi,2024-10-03T20:51:05+00:00
98,Tedarikçi Onayladı,2024-10-03T23:21:57+00:00
98,Mal/Hizmet Alındı,2024-10-05T13:10:19+00:00
98,Fatura Alındı,2024-10-09T02:39:57+00:00
98,Ödeme Yapıldı,2024-10-09T06:56:42+00:00
99,Satın Alma Talebi Oluşturuldu,2024-05-01T04:22:46+00:00
99,Talep Onaya Gönderildi,2024-05-01T07:20:58+00:00
99,Talep Onaylandı,2024-05-01T10:41:42+00:00
99,Satın Alma Siparişi Oluşturuldu,2024-05-01T16:51:34+00:00
99,Tedarikçiye Gönderildi,2024-05-01T22:05:10+00:00
99,Tedarikçi Onayladı,2024-05-02T03:45:43+00:00
99,Mal/Hizmet Alındı,2024-05-04T16:22:01+00:00
99,Fatura Alındı,2024-05-09T13:15:32+00:00
99,Ödeme Yapıldı,2024-05-10T09:01:04+00:00
100,Satın Alma Talebi Oluşturuldu,2024-01-22T09:24:24+00:00
100,Talep Onaya Gönderildi,2024-01-22T12:14:01+00:00
100,Talep Onaylandı,2024-01-22T18:10:50+00:00
100,Satın Alma Siparişi Oluşturuldu,2024-01-23T12:03:00+00:00
100,Tedarikçiye Gönderildi,2024-01-23T13:11:41+00:00
100,Tedarikçi Onayladı,2024-01-23T17:55:39+00:00
100,Kısmi Teslimat Alındı,2024-01-26T06:31:23+00:00
100,İkinci Teslimat Alındı,2024-01-31T00:52:26+00:00
100,Fatura Alındı,2024-02-02T02:08:51+00:00
100,Ödeme Yapıldı,2024-02-02T08:08:18+00:00
